,finger_length,height
0,10.0,142.24
1,10.3,144.78
2,9.9,147.32
3,10.2,147.32
4,10.2,147.32
5,10.3,147.32
6,10.4,147.32
7,10.7,147.32
8,10.0,149.86
9,10.1,149.86
10,10.2,149.86
11,10.2,149.86
12,10.3,149.86
13,10.3,149.86
14,10.3,149.86
15,10.4,149.86
16,10.5,149.86
17,10.6,149.86
18,10.7,149.86
19,10.7,149.86
20,10.8,149.86
21,10.8,149.86
22,11.0,149.86
23,11.0,149.86
24,11.1,149.86
25,11.1,149.86
26,11.1,149.86
27,11.2,149.86
28,11.2,149.86
29,11.2,149.86
30,11.3,149.86
31,9.9,152.4
32,10.0,152.4
33,10.0,152.4
34,10.1,152.4
35,10.1,152.4
36,10.1,152.4
37,10.2,152.4
38,10.2,152.4
39,10.3,152.4
40,10.3,152.4
41,10.4,152.4
42,10.4,152.4
43,10.5,152.4
44,10.5,152.4
45,10.5,152.4
46,10.6,152.4
47,10.6,152.4
48,10.6,152.4
49,10.6,152.4
50,10.7,152.4
51,10.7,152.4
52,10.7,152.4
53,10.7,152.4
54,10.8,152.4
55,10.8,152.4
56,10.8,152.4
57,10.8,152.4
58,10.8,152.4
59,10.9,152.4
60,10.9,152.4
61,11.0,152.4
62,11.0,152.4
63,11.0,152.4
64,11.0,152.4
65,11.0,152.4
66,11.0,152.4
67,11.1,152.4
68,11.1,152.4
69,11.1,152.4
70,11.2,152.4
71,11.2,152.4
72,11.4,152.4
73,11.4,152.4
74,11.4,152.4
75,11.6,152.4
76,11.6,152.4
77,11.8,152.4
78,11.9,152.4
79,9.5,154.94
80,10.1,154.94
81,10.2,154.94
82,10.3,154.94
83,10.3,154.94
84,10.4,154.94
85,10.4,154.94
86,10.4,154.94
87,10.5,154.94
88,10.5,154.94
89,10.5,154.94
90,10.5,154.94
91,10.5,154.94
92,10.5,154.94
93,10.5,154.94
94,10.6,154.94
95,10.6,154.94
96,10.6,154.94
97,10.6,154.94
98,10.6,154.94
99,10.7,154.94
100,10.7,154.94
101,10.7,154.94
102,10.7,154.94
103,10.7,154.94
104,10.7,154.94
105,10.7,154.94
106,10.7,154.94
107,10.7,154.94
108,10.8,154.94
109,10.8,154.94
110,10.8,154.94
111,10.8,154.94
112,10.8,154.94
113,10.8,154.94
114,10.9,154.94
115,10.9,154.94
116,10.9,154.94
117,10.9,154.94
118,10.9,154.94
119,10.9,154.94
120,11.0,154.94
121,11.0,154.94
122,11.0,154.94
123,11.0,154.94
124,11.0,154.94
125,11.0,154.94
126,11.0,154.94
127,11.0,154.94
128,11.0,154.94
129,11.0,154.94
130,11.0,154.94
131,11.0,154.94
132,11.1,154.94
133,11.1,154.94
134,11.1,154.94
135,11.1,154.94
136,11.1,154.94
137,11.1,154.94
138,11.1,154.94
139,11.1,154.94
140,11.1,154.94
141,11.1,154.94
142,11.1,154.94
143,11.1,154.94
144,11.2,154.94
145,11.2,154.94
146,11.2,154.94
147,11.2,154.94
148,11.2,154.94
149,11.2,154.94
150,11.2,154.94
151,11.3,154.94
152,11.3,154.94
153,11.3,154.94
154,11.3,154.94
155,11.3,154.94
156,11.4,154.94
157,11.4,154.94
158,11.4,154.94
159,11.4,154.94
160,11.5,154.94
161,11.5,154.94
162,11.5,154.94
163,11.5,154.94
164,11.5,154.94
165,11.6,154.94
166,11.7,154.94
167,11.7,154.94
168,11.9,154.94
169,9.8,157.48
170,9.9,157.48
171,10.0,157.48
172,10.0,157.48
173,10.3,157.48
174,10.3,157.48
175,10.3,157.48
176,10.4,157.48
177,10.4,157.48
178,10.4,157.48
179,10.5,157.48
180,10.5,157.48
181,10.5,157.48
182,10.5,157.48
183,10.5,157.48
184,10.5,157.48
185,10.6,157.48
186,10.6,157.48
187,10.6,157.48
188,10.6,157.48
189,10.6,157.48
190,10.6,157.48
191,10.6,157.48
192,10.6,157.48
193,10.6,157.48
194,10.7,157.48
195,10.7,157.48
196,10.7,157.48
197,10.7,157.48
198,10.7,157.48
199,10.7,157.48
200,10.7,157.48
201,10.7,157.48
202,10.7,157.48
203,10.7,157.48
204,10.7,157.48
205,10.7,157.48
206,10.7,157.48
207,10.7,157.48
208,10.8,157.48
209,10.8,157.48
210,10.8,157.48
211,10.8,157.48
212,10.8,157.48
213,10.8,157.48
214,10.8,157.48
215,10.8,157.48
216,10.8,157.48
217,10.8,157.48
218,10.8,157.48
219,10.8,157.48
220,10.8,157.48
221,10.8,157.48
222,10.9,157.48
223,10.9,157.48
224,10.9,157.48
225,10.9,157.48
226,10.9,157.48
227,10.9,157.48
228,10.9,157.48
229,10.9,157.48
230,10.9,157.48
231,10.9,157.48
232,10.9,157.48
233,10.9,157.48
234,10.9,157.48
235,10.9,157.48
236,11.0,157.48
237,11.0,157.48
238,11.0,157.48
239,11.0,157.48
240,11.0,157.48
241,11.0,157.48
242,11.0,157.48
243,11.0,157.48
244,11.0,157.48
245,11.0,157.48
246,11.0,157.48
247,11.0,157.48
248,11.0,157.48
249,11.0,157.48
250,11.0,157.48
251,11.1,157.48
252,11.1,157.48
253,11.1,157.48
254,11.1,157.48
255,11.1,157.48
256,11.1,157.48
257,11.1,157.48
258,11.1,157.48
259,11.1,157.48
260,11.1,157.48
261,11.1,157.48
262,11.1,157.48
263,11.1,157.48
264,11.1,157.48
265,11.1,157.48
266,11.1,157.48
267,11.1,157.48
268,11.1,157.48
269,11.1,157.48
270,11.1,157.48
271,11.1,157.48
272,11.1,157.48
273,11.2,157.48
274,11.2,157.48
275,11.2,157.48
276,11.2,157.48
277,11.2,157.48
278,11.2,157.48
279,11.2,157.48
280,11.2,157.48
281,11.2,157.48
282,11.2,157.48
283,11.2,157.48
284,11.2,157.48
285,11.2,157.48
286,11.2,157.48
287,11.2,157.48
288,11.2,157.48
289,11.2,157.48
290,11.2,157.48
291,11.2,157.48
292,11.2,157.48
293,11.2,157.48
294,11.3,157.48
295,11.3,157.48
296,11.3,157.48
297,11.3,157.48
298,11.3,157.48
299,11.3,157.48
300,11.3,157.48
301,11.3,157.48
302,11.3,157.48
303,11.3,157.48
304,11.4,157.48
305,11.4,157.48
306,11.4,157.48
307,11.4,157.48
308,11.4,157.48
309,11.4,157.48
310,11.4,157.48
311,11.4,157.48
312,11.4,157.48
313,11.5,157.48
314,11.5,157.48
315,11.5,157.48
316,11.5,157.48
317,11.5,157.48
318,11.5,157.48
319,11.5,157.48
320,11.5,157.48
321,11.5,157.48
322,11.5,157.48
323,11.5,157.48
324,11.6,157.48
325,11.6,157.48
326,11.6,157.48
327,11.6,157.48
328,11.7,157.48
329,11.7,157.48
330,11.7,157.48
331,11.7,157.48
332,11.7,157.48
333,11.7,157.48
334,11.7,157.48
335,11.7,157.48
336,11.7,157.48
337,11.8,157.48
338,11.8,157.48
339,11.9,157.48
340,11.9,157.48
341,12.0,157.48
342,12.2,157.48
343,12.4,157.48
344,10.1,160.02
345,10.2,160.02
346,10.2,160.02
347,10.3,160.02
348,10.3,160.02
349,10.3,160.02
350,10.3,160.02
351,10.3,160.02
352,10.4,160.02
353,10.4,160.02
354,10.4,160.02
355,10.4,160.02
356,10.5,160.02
357,10.5,160.02
358,10.5,160.02
359,10.5,160.02
360,10.6,160.02
361,10.6,160.02
362,10.6,160.02
363,10.6,160.02
364,10.6,160.02
365,10.6,160.02
366,10.6,160.02
367,10.6,160.02
368,10.6,160.02
369,10.6,160.02
370,10.6,160.02
371,10.6,160.02
372,10.6,160.02
373,10.6,160.02
374,10.7,160.02
375,10.7,160.02
376,10.7,160.02
377,10.7,160.02
378,10.7,160.02
379,10.7,160.02
380,10.7,160.02
381,10.7,160.02
382,10.7,160.02
383,10.7,160.02
384,10.7,160.02
385,10.7,160.02
386,10.7,160.02
387,10.7,160.02
388,10.7,160.02
389,10.7,160.02
390,10.8,160.02
391,10.8,160.02
392,10.8,160.02
393,10.8,160.02
394,10.8,160.02
395,10.8,160.02
396,10.8,160.02
397,10.8,160.02
398,10.8,160.02
399,10.8,160.02
400,10.8,160.02
401,10.8,160.02
402,10.8,160.02
403,10.8,160.02
404,10.8,160.02
405,10.8,160.02
406,10.8,160.02
407,10.8,160.02
408,10.8,160.02
409,10.8,160.02
410,10.8,160.02
411,10.8,160.02
412,10.8,160.02
413,10.8,160.02
414,10.8,160.02
415,10.8,160.02
416,10.8,160.02
417,10.9,160.02
418,10.9,160.02
419,10.9,160.02
420,10.9,160.02
421,10.9,160.02
422,10.9,160.02
423,10.9,160.02
424,10.9,160.02
425,10.9,160.02
426,10.9,160.02
427,10.9,160.02
428,10.9,160.02
429,10.9,160.02
430,10.9,160.02
431,10.9,160.02
432,10.9,160.02
433,10.9,160.02
434,10.9,160.02
435,10.9,160.02
436,10.9,160.02
437,10.9,160.02
438,10.9,160.02
439,10.9,160.02
440,10.9,160.02
441,11.0,160.02
442,11.0,160.02
443,11.0,160.02
444,11.0,160.02
445,11.0,160.02
446,11.0,160.02
447,11.0,160.02
448,11.0,160.02
449,11.0,160.02
450,11.0,160.02
451,11.0,160.02
452,11.0,160.02
453,11.0,160.02
454,11.0,160.02
455,11.0,160.02
456,11.0,160.02
457,11.0,160.02
458,11.0,160.02
459,11.0,160.02
460,11.0,160.02
461,11.0,160.02
462,11.0,160.02
463,11.0,160.02
464,11.0,160.02
465,11.0,160.02
466,11.0,160.02
467,11.0,160.02
468,11.0,160.02
469,11.0,160.02
470,11.0,160.02
471,11.0,160.02
472,11.1,160.02
473,11.1,160.02
474,11.1,160.02
475,11.1,160.02
476,11.1,160.02
477,11.1,160.02
478,11.1,160.02
479,11.1,160.02
480,11.1,160.02
481,11.1,160.02
482,11.1,160.02
483,11.1,160.02
484,11.1,160.02
485,11.1,160.02
486,11.1,160.02
487,11.1,160.02
488,11.1,160.02
489,11.1,160.02
490,11.1,160.02
491,11.1,160.02
492,11.1,160.02
493,11.1,160.02
494,11.1,160.02
495,11.1,160.02
496,11.1,160.02
497,11.1,160.02
498,11.2,160.02
499,11.2,160.02
500,11.2,160.02
501,11.2,160.02
502,11.2,160.02
503,11.2,160.02
504,11.2,160.02
505,11.2,160.02
506,11.2,160.02
507,11.2,160.02
508,11.2,160.02
509,11.2,160.02
510,11.2,160.02
511,11.2,160.02
512,11.2,160.02
513,11.2,160.02
514,11.2,160.02
515,11.2,160.02
516,11.2,160.02
517,11.2,160.02
518,11.2,160.02
519,11.2,160.02
520,11.2,160.02
521,11.2,160.02
522,11.2,160.02
523,11.2,160.02
524,11.2,160.02
525,11.2,160.02
526,11.2,160.02
527,11.2,160.02
528,11.3,160.02
529,11.3,160.02
530,11.3,160.02
531,11.3,160.02
532,11.3,160.02
533,11.3,160.02
534,11.3,160.02
535,11.3,160.02
536,11.3,160.02
537,11.3,160.02
538,11.3,160.02
539,11.3,160.02
540,11.3,160.02
541,11.3,160.02
542,11.3,160.02
543,11.3,160.02
544,11.3,160.02
545,11.3,160.02
546,11.3,160.02
547,11.3,160.02
548,11.3,160.02
549,11.3,160.02
550,11.3,160.02
551,11.3,160.02
552,11.4,160.02
553,11.4,160.02
554,11.4,160.02
555,11.4,160.02
556,11.4,160.02
557,11.4,160.02
558,11.4,160.02
559,11.4,160.02
560,11.4,160.02
561,11.4,160.02
562,11.4,160.02
563,11.4,160.02
564,11.4,160.02
565,11.4,160.02
566,11.4,160.02
567,11.4,160.02
568,11.4,160.02
569,11.4,160.02
570,11.4,160.02
571,11.4,160.02
572,11.4,160.02
573,11.4,160.02
574,11.4,160.02
575,11.4,160.02
576,11.4,160.02
577,11.4,160.02
578,11.4,160.02
579,11.4,160.02
580,11.4,160.02
581,11.5,160.02
582,11.5,160.02
583,11.5,160.02
584,11.5,160.02
585,11.5,160.02
586,11.5,160.02
587,11.5,160.02
588,11.5,160.02
589,11.5,160.02
590,11.5,160.02
591,11.5,160.02
592,11.5,160.02
593,11.5,160.02
594,11.5,160.02
595,11.5,160.02
596,11.5,160.02
597,11.5,160.02
598,11.6,160.02
599,11.6,160.02
600,11.6,160.02
601,11.6,160.02
602,11.6,160.02
603,11.6,160.02
604,11.6,160.02
605,11.6,160.02
606,11.6,160.02
607,11.6,160.02
608,11.6,160.02
609,11.6,160.02
610,11.6,160.02
611,11.7,160.02
612,11.7,160.02
613,11.7,160.02
614,11.7,160.02
615,11.7,160.02
616,11.7,160.02
617,11.7,160.02
618,11.7,160.02
619,11.7,160.02
620,11.7,160.02
621,11.7,160.02
622,11.7,160.02
623,11.7,160.02
624,11.7,160.02
625,11.7,160.02
626,11.7,160.02
627,11.7,160.02
628,11.8,160.02
629,11.8,160.02
630,11.8,160.02
631,11.8,160.02
632,11.8,160.02
633,11.8,160.02
634,11.8,160.02
635,11.8,160.02
636,11.8,160.02
637,11.8,160.02
638,11.8,160.02
639,11.9,160.02
640,11.9,160.02
641,11.9,160.02
642,11.9,160.02
643,11.9,160.02
644,11.9,160.02
645,11.9,160.02
646,11.9,160.02
647,11.9,160.02
648,11.9,160.02
649,11.9,160.02
650,11.9,160.02
651,12.0,160.02
652,12.0,160.02
653,12.0,160.02
654,12.0,160.02
655,12.1,160.02
656,12.1,160.02
657,12.2,160.02
658,12.2,160.02
659,12.4,160.02
660,12.5,160.02
661,10.1,162.56
662,10.4,162.56
663,10.4,162.56
664,10.4,162.56
665,10.5,162.56
666,10.5,162.56
667,10.5,162.56
668,10.6,162.56
669,10.6,162.56
670,10.6,162.56
671,10.6,162.56
672,10.6,162.56
673,10.6,162.56
674,10.7,162.56
675,10.7,162.56
676,10.7,162.56
677,10.7,162.56
678,10.7,162.56
679,10.7,162.56
680,10.7,162.56
681,10.7,162.56
682,10.7,162.56
683,10.7,162.56
684,10.7,162.56
685,10.7,162.56
686,10.7,162.56
687,10.7,162.56
688,10.7,162.56
689,10.8,162.56
690,10.8,162.56
691,10.8,162.56
692,10.8,162.56
693,10.8,162.56
694,10.8,162.56
695,10.8,162.56
696,10.8,162.56
697,10.8,162.56
698,10.8,162.56
699,10.9,162.56
700,10.9,162.56
701,10.9,162.56
702,10.9,162.56
703,10.9,162.56
704,10.9,162.56
705,10.9,162.56
706,10.9,162.56
707,10.9,162.56
708,10.9,162.56
709,10.9,162.56
710,10.9,162.56
711,10.9,162.56
712,10.9,162.56
713,10.9,162.56
714,10.9,162.56
715,10.9,162.56
716,10.9,162.56
717,10.9,162.56
718,10.9,162.56
719,10.9,162.56
720,10.9,162.56
721,10.9,162.56
722,10.9,162.56
723,10.9,162.56
724,10.9,162.56
725,10.9,162.56
726,11.0,162.56
727,11.0,162.56
728,11.0,162.56
729,11.0,162.56
730,11.0,162.56
731,11.0,162.56
732,11.0,162.56
733,11.0,162.56
734,11.0,162.56
735,11.0,162.56
736,11.0,162.56
737,11.0,162.56
738,11.0,162.56
739,11.0,162.56
740,11.0,162.56
741,11.0,162.56
742,11.0,162.56
743,11.0,162.56
744,11.0,162.56
745,11.0,162.56
746,11.0,162.56
747,11.0,162.56
748,11.0,162.56
749,11.0,162.56
750,11.0,162.56
751,11.0,162.56
752,11.0,162.56
753,11.0,162.56
754,11.0,162.56
755,11.0,162.56
756,11.0,162.56
757,11.0,162.56
758,11.0,162.56
759,11.0,162.56
760,11.0,162.56
761,11.0,162.56
762,11.0,162.56
763,11.1,162.56
764,11.1,162.56
765,11.1,162.56
766,11.1,162.56
767,11.1,162.56
768,11.1,162.56
769,11.1,162.56
770,11.1,162.56
771,11.1,162.56
772,11.1,162.56
773,11.1,162.56
774,11.1,162.56
775,11.1,162.56
776,11.1,162.56
777,11.1,162.56
778,11.1,162.56
779,11.1,162.56
780,11.1,162.56
781,11.1,162.56
782,11.1,162.56
783,11.1,162.56
784,11.1,162.56
785,11.1,162.56
786,11.1,162.56
787,11.2,162.56
788,11.2,162.56
789,11.2,162.56
790,11.2,162.56
791,11.2,162.56
792,11.2,162.56
793,11.2,162.56
794,11.2,162.56
795,11.2,162.56
796,11.2,162.56
797,11.2,162.56
798,11.2,162.56
799,11.2,162.56
800,11.2,162.56
801,11.2,162.56
802,11.2,162.56
803,11.2,162.56
804,11.2,162.56
805,11.2,162.56
806,11.2,162.56
807,11.2,162.56
808,11.2,162.56
809,11.2,162.56
810,11.2,162.56
811,11.2,162.56
812,11.2,162.56
813,11.2,162.56
814,11.2,162.56
815,11.2,162.56
816,11.2,162.56
817,11.2,162.56
818,11.2,162.56
819,11.2,162.56
820,11.2,162.56
821,11.2,162.56
822,11.2,162.56
823,11.2,162.56
824,11.2,162.56
825,11.3,162.56
826,11.3,162.56
827,11.3,162.56
828,11.3,162.56
829,11.3,162.56
830,11.3,162.56
831,11.3,162.56
832,11.3,162.56
833,11.3,162.56
834,11.3,162.56
835,11.3,162.56
836,11.3,162.56
837,11.3,162.56
838,11.3,162.56
839,11.3,162.56
840,11.3,162.56
841,11.3,162.56
842,11.3,162.56
843,11.3,162.56
844,11.3,162.56
845,11.3,162.56
846,11.3,162.56
847,11.3,162.56
848,11.3,162.56
849,11.3,162.56
850,11.3,162.56
851,11.4,162.56
852,11.4,162.56
853,11.4,162.56
854,11.4,162.56
855,11.4,162.56
856,11.4,162.56
857,11.4,162.56
858,11.4,162.56
859,11.4,162.56
860,11.4,162.56
861,11.4,162.56
862,11.4,162.56
863,11.4,162.56
864,11.4,162.56
865,11.4,162.56
866,11.4,162.56
867,11.4,162.56
868,11.4,162.56
869,11.4,162.56
870,11.4,162.56
871,11.4,162.56
872,11.4,162.56
873,11.4,162.56
874,11.4,162.56
875,11.4,162.56
876,11.4,162.56
877,11.4,162.56
878,11.4,162.56
879,11.4,162.56
880,11.4,162.56
881,11.4,162.56
882,11.4,162.56
883,11.4,162.56
884,11.4,162.56
885,11.4,162.56
886,11.4,162.56
887,11.4,162.56
888,11.4,162.56
889,11.4,162.56
890,11.4,162.56
891,11.4,162.56
892,11.4,162.56
893,11.4,162.56
894,11.4,162.56
895,11.4,162.56
896,11.4,162.56
897,11.4,162.56
898,11.4,162.56
899,11.4,162.56
900,11.4,162.56
901,11.4,162.56
902,11.4,162.56
903,11.4,162.56
904,11.4,162.56
905,11.4,162.56
906,11.4,162.56
907,11.5,162.56
908,11.5,162.56
909,11.5,162.56
910,11.5,162.56
911,11.5,162.56
912,11.5,162.56
913,11.5,162.56
914,11.5,162.56
915,11.5,162.56
916,11.5,162.56
917,11.5,162.56
918,11.5,162.56
919,11.5,162.56
920,11.5,162.56
921,11.5,162.56
922,11.5,162.56
923,11.5,162.56
924,11.5,162.56
925,11.5,162.56
926,11.5,162.56
927,11.5,162.56
928,11.5,162.56
929,11.5,162.56
930,11.5,162.56
931,11.5,162.56
932,11.5,162.56
933,11.5,162.56
934,11.5,162.56
935,11.5,162.56
936,11.5,162.56
937,11.5,162.56
938,11.5,162.56
939,11.5,162.56
940,11.6,162.56
941,11.6,162.56
942,11.6,162.56
943,11.6,162.56
944,11.6,162.56
945,11.6,162.56
946,11.6,162.56
947,11.6,162.56
948,11.6,162.56
949,11.6,162.56
950,11.6,162.56
951,11.6,162.56
952,11.6,162.56
953,11.6,162.56
954,11.6,162.56
955,11.6,162.56
956,11.6,162.56
957,11.6,162.56
958,11.6,162.56
959,11.6,162.56
960,11.6,162.56
961,11.6,162.56
962,11.6,162.56
963,11.6,162.56
964,11.6,162.56
965,11.6,162.56
966,11.6,162.56
967,11.6,162.56
968,11.6,162.56
969,11.6,162.56
970,11.6,162.56
971,11.6,162.56
972,11.6,162.56
973,11.6,162.56
974,11.6,162.56
975,11.6,162.56
976,11.6,162.56
977,11.7,162.56
978,11.7,162.56
979,11.7,162.56
980,11.7,162.56
981,11.7,162.56
982,11.7,162.56
983,11.7,162.56
984,11.7,162.56
985,11.7,162.56
986,11.7,162.56
987,11.7,162.56
988,11.7,162.56
989,11.7,162.56
990,11.7,162.56
991,11.7,162.56
992,11.7,162.56
993,11.7,162.56
994,11.7,162.56
995,11.7,162.56
996,11.7,162.56
997,11.7,162.56
998,11.7,162.56
999,11.7,162.56
1000,11.7,162.56
1001,11.7,162.56
1002,11.7,162.56
1003,11.7,162.56
1004,11.7,162.56
1005,11.7,162.56
1006,11.7,162.56
1007,11.8,162.56
1008,11.8,162.56
1009,11.8,162.56
1010,11.8,162.56
1011,11.8,162.56
1012,11.8,162.56
1013,11.8,162.56
1014,11.8,162.56
1015,11.8,162.56
1016,11.8,162.56
1017,11.8,162.56
1018,11.8,162.56
1019,11.8,162.56
1020,11.8,162.56
1021,11.8,162.56
1022,11.9,162.56
1023,11.9,162.56
1024,11.9,162.56
1025,11.9,162.56
1026,11.9,162.56
1027,11.9,162.56
1028,11.9,162.56
1029,11.9,162.56
1030,11.9,162.56
1031,11.9,162.56
1032,12.0,162.56
1033,12.0,162.56
1034,12.0,162.56
1035,12.0,162.56
1036,12.0,162.56
1037,12.0,162.56
1038,12.0,162.56
1039,12.0,162.56
1040,12.1,162.56
1041,12.1,162.56
1042,12.1,162.56
1043,12.1,162.56
1044,12.2,162.56
1045,12.2,162.56
1046,12.2,162.56
1047,12.2,162.56
1048,12.2,162.56
1049,12.3,162.56
1050,12.3,162.56
1051,12.3,162.56
1052,12.3,162.56
1053,12.4,162.56
1054,10.0,165.1
1055,10.2,165.1
1056,10.4,165.1
1057,10.4,165.1
1058,10.4,165.1
1059,10.5,165.1
1060,10.6,165.1
1061,10.6,165.1
1062,10.6,165.1
1063,10.7,165.1
1064,10.7,165.1
1065,10.7,165.1
1066,10.7,165.1
1067,10.7,165.1
1068,10.7,165.1
1069,10.7,165.1
1070,10.8,165.1
1071,10.8,165.1
1072,10.8,165.1
1073,10.8,165.1
1074,10.8,165.1
1075,10.8,165.1
1076,10.8,165.1
1077,10.9,165.1
1078,10.9,165.1
1079,10.9,165.1
1080,10.9,165.1
1081,10.9,165.1
1082,10.9,165.1
1083,10.9,165.1
1084,10.9,165.1
1085,10.9,165.1
1086,10.9,165.1
1087,10.9,165.1
1088,10.9,165.1
1089,10.9,165.1
1090,10.9,165.1
1091,11.0,165.1
1092,11.0,165.1
1093,11.0,165.1
1094,11.0,165.1
1095,11.0,165.1
1096,11.0,165.1
1097,11.0,165.1
1098,11.0,165.1
1099,11.0,165.1
1100,11.0,165.1
1101,11.0,165.1
1102,11.0,165.1
1103,11.0,165.1
1104,11.0,165.1
1105,11.0,165.1
1106,11.0,165.1
1107,11.0,165.1
1108,11.0,165.1
1109,11.0,165.1
1110,11.0,165.1
1111,11.0,165.1
1112,11.0,165.1
1113,11.0,165.1
1114,11.0,165.1
1115,11.0,165.1
1116,11.0,165.1
1117,11.0,165.1
1118,11.1,165.1
1119,11.1,165.1
1120,11.1,165.1
1121,11.1,165.1
1122,11.1,165.1
1123,11.1,165.1
1124,11.1,165.1
1125,11.1,165.1
1126,11.1,165.1
1127,11.1,165.1
1128,11.1,165.1
1129,11.1,165.1
1130,11.1,165.1
1131,11.1,165.1
1132,11.1,165.1
1133,11.1,165.1
1134,11.1,165.1
1135,11.1,165.1
1136,11.1,165.1
1137,11.1,165.1
1138,11.1,165.1
1139,11.1,165.1
1140,11.1,165.1
1141,11.1,165.1
1142,11.1,165.1
1143,11.1,165.1
1144,11.2,165.1
1145,11.2,165.1
1146,11.2,165.1
1147,11.2,165.1
1148,11.2,165.1
1149,11.2,165.1
1150,11.2,165.1
1151,11.2,165.1
1152,11.2,165.1
1153,11.2,165.1
1154,11.2,165.1
1155,11.2,165.1
1156,11.2,165.1
1157,11.2,165.1
1158,11.2,165.1
1159,11.2,165.1
1160,11.2,165.1
1161,11.2,165.1
1162,11.2,165.1
1163,11.2,165.1
1164,11.2,165.1
1165,11.2,165.1
1166,11.2,165.1
1167,11.2,165.1
1168,11.2,165.1
1169,11.2,165.1
1170,11.2,165.1
1171,11.2,165.1
1172,11.2,165.1
1173,11.3,165.1
1174,11.3,165.1
1175,11.3,165.1
1176,11.3,165.1
1177,11.3,165.1
1178,11.3,165.1
1179,11.3,165.1
1180,11.3,165.1
1181,11.3,165.1
1182,11.3,165.1
1183,11.3,165.1
1184,11.3,165.1
1185,11.3,165.1
1186,11.3,165.1
1187,11.3,165.1
1188,11.3,165.1
1189,11.3,165.1
1190,11.3,165.1
1191,11.3,165.1
1192,11.3,165.1
1193,11.3,165.1
1194,11.3,165.1
1195,11.3,165.1
1196,11.3,165.1
1197,11.3,165.1
1198,11.3,165.1
1199,11.3,165.1
1200,11.3,165.1
1201,11.3,165.1
1202,11.3,165.1
1203,11.3,165.1
1204,11.3,165.1
1205,11.3,165.1
1206,11.3,165.1
1207,11.3,165.1
1208,11.3,165.1
1209,11.3,165.1
1210,11.3,165.1
1211,11.3,165.1
1212,11.4,165.1
1213,11.4,165.1
1214,11.4,165.1
1215,11.4,165.1
1216,11.4,165.1
1217,11.4,165.1
1218,11.4,165.1
1219,11.4,165.1
1220,11.4,165.1
1221,11.4,165.1
1222,11.4,165.1
1223,11.4,165.1
1224,11.4,165.1
1225,11.4,165.1
1226,11.4,165.1
1227,11.4,165.1
1228,11.4,165.1
1229,11.4,165.1
1230,11.4,165.1
1231,11.4,165.1
1232,11.4,165.1
1233,11.4,165.1
1234,11.4,165.1
1235,11.4,165.1
1236,11.4,165.1
1237,11.4,165.1
1238,11.4,165.1
1239,11.4,165.1
1240,11.4,165.1
1241,11.4,165.1
1242,11.4,165.1
1243,11.4,165.1
1244,11.4,165.1
1245,11.4,165.1
1246,11.4,165.1
1247,11.4,165.1
1248,11.4,165.1
1249,11.4,165.1
1250,11.4,165.1
1251,11.4,165.1
1252,11.4,165.1
1253,11.4,165.1
1254,11.4,165.1
1255,11.4,165.1
1256,11.4,165.1
1257,11.4,165.1
1258,11.4,165.1
1259,11.4,165.1
1260,11.4,165.1
1261,11.4,165.1
1262,11.4,165.1
1263,11.4,165.1
1264,11.4,165.1
1265,11.4,165.1
1266,11.4,165.1
1267,11.4,165.1
1268,11.4,165.1
1269,11.4,165.1
1270,11.5,165.1
1271,11.5,165.1
1272,11.5,165.1
1273,11.5,165.1
1274,11.5,165.1
1275,11.5,165.1
1276,11.5,165.1
1277,11.5,165.1
1278,11.5,165.1
1279,11.5,165.1
1280,11.5,165.1
1281,11.5,165.1
1282,11.5,165.1
1283,11.5,165.1
1284,11.5,165.1
1285,11.5,165.1
1286,11.5,165.1
1287,11.5,165.1
1288,11.5,165.1
1289,11.5,165.1
1290,11.5,165.1
1291,11.5,165.1
1292,11.5,165.1
1293,11.5,165.1
1294,11.5,165.1
1295,11.5,165.1
1296,11.5,165.1
1297,11.5,165.1
1298,11.5,165.1
1299,11.5,165.1
1300,11.5,165.1
1301,11.5,165.1
1302,11.5,165.1
1303,11.5,165.1
1304,11.5,165.1
1305,11.5,165.1
1306,11.5,165.1
1307,11.5,165.1
1308,11.5,165.1
1309,11.5,165.1
1310,11.5,165.1
1311,11.5,165.1
1312,11.5,165.1
1313,11.5,165.1
1314,11.5,165.1
1315,11.5,165.1
1316,11.5,165.1
1317,11.5,165.1
1318,11.5,165.1
1319,11.5,165.1
1320,11.5,165.1
1321,11.5,165.1
1322,11.5,165.1
1323,11.5,165.1
1324,11.5,165.1
1325,11.5,165.1
1326,11.5,165.1
1327,11.6,165.1
1328,11.6,165.1
1329,11.6,165.1
1330,11.6,165.1
1331,11.6,165.1
1332,11.6,165.1
1333,11.6,165.1
1334,11.6,165.1
1335,11.6,165.1
1336,11.6,165.1
1337,11.6,165.1
1338,11.6,165.1
1339,11.6,165.1
1340,11.6,165.1
1341,11.6,165.1
1342,11.6,165.1
1343,11.6,165.1
1344,11.6,165.1
1345,11.6,165.1
1346,11.6,165.1
1347,11.6,165.1
1348,11.6,165.1
1349,11.6,165.1
1350,11.6,165.1
1351,11.6,165.1
1352,11.6,165.1
1353,11.6,165.1
1354,11.6,165.1
1355,11.6,165.1
1356,11.6,165.1
1357,11.6,165.1
1358,11.6,165.1
1359,11.6,165.1
1360,11.6,165.1
1361,11.6,165.1
1362,11.6,165.1
1363,11.6,165.1
1364,11.6,165.1
1365,11.6,165.1
1366,11.7,165.1
1367,11.7,165.1
1368,11.7,165.1
1369,11.7,165.1
1370,11.7,165.1
1371,11.7,165.1
1372,11.7,165.1
1373,11.7,165.1
1374,11.7,165.1
1375,11.7,165.1
1376,11.7,165.1
1377,11.7,165.1
1378,11.7,165.1
1379,11.7,165.1
1380,11.7,165.1
1381,11.7,165.1
1382,11.7,165.1
1383,11.7,165.1
1384,11.7,165.1
1385,11.7,165.1
1386,11.7,165.1
1387,11.7,165.1
1388,11.7,165.1
1389,11.7,165.1
1390,11.7,165.1
1391,11.7,165.1
1392,11.7,165.1
1393,11.7,165.1
1394,11.7,165.1
1395,11.7,165.1
1396,11.7,165.1
1397,11.7,165.1
1398,11.7,165.1
1399,11.7,165.1
1400,11.7,165.1
1401,11.7,165.1
1402,11.7,165.1
1403,11.8,165.1
1404,11.8,165.1
1405,11.8,165.1
1406,11.8,165.1
1407,11.8,165.1
1408,11.8,165.1
1409,11.8,165.1
1410,11.8,165.1
1411,11.8,165.1
1412,11.8,165.1
1413,11.8,165.1
1414,11.8,165.1
1415,11.8,165.1
1416,11.8,165.1
1417,11.8,165.1
1418,11.8,165.1
1419,11.8,165.1
1420,11.8,165.1
1421,11.8,165.1
1422,11.8,165.1
1423,11.8,165.1
1424,11.8,165.1
1425,11.8,165.1
1426,11.8,165.1
1427,11.8,165.1
1428,11.8,165.1
1429,11.8,165.1
1430,11.8,165.1
1431,11.8,165.1
1432,11.8,165.1
1433,11.8,165.1
1434,11.8,165.1
1435,11.8,165.1
1436,11.8,165.1
1437,11.8,165.1
1438,11.9,165.1
1439,11.9,165.1
1440,11.9,165.1
1441,11.9,165.1
1442,11.9,165.1
1443,11.9,165.1
1444,11.9,165.1
1445,11.9,165.1
1446,11.9,165.1
1447,11.9,165.1
1448,11.9,165.1
1449,11.9,165.1
1450,11.9,165.1
1451,11.9,165.1
1452,11.9,165.1
1453,11.9,165.1
1454,11.9,165.1
1455,11.9,165.1
1456,11.9,165.1
1457,11.9,165.1
1458,11.9,165.1
1459,11.9,165.1
1460,11.9,165.1
1461,11.9,165.1
1462,11.9,165.1
1463,11.9,165.1
1464,11.9,165.1
1465,12.0,165.1
1466,12.0,165.1
1467,12.0,165.1
1468,12.0,165.1
1469,12.0,165.1
1470,12.0,165.1
1471,12.0,165.1
1472,12.0,165.1
1473,12.0,165.1
1474,12.0,165.1
1475,12.0,165.1
1476,12.0,165.1
1477,12.0,165.1
1478,12.0,165.1
1479,12.0,165.1
1480,12.0,165.1
1481,12.0,165.1
1482,12.0,165.1
1483,12.0,165.1
1484,12.1,165.1
1485,12.1,165.1
1486,12.1,165.1
1487,12.1,165.1
1488,12.1,165.1
1489,12.1,165.1
1490,12.1,165.1
1491,12.1,165.1
1492,12.1,165.1
1493,12.1,165.1
1494,12.1,165.1
1495,12.1,165.1
1496,12.1,165.1
1497,12.2,165.1
1498,12.2,165.1
1499,12.2,165.1
1500,12.2,165.1
1501,12.2,165.1
1502,12.2,165.1
1503,12.3,165.1
1504,12.3,165.1
1505,12.3,165.1
1506,12.3,165.1
1507,12.3,165.1
1508,12.3,165.1
1509,12.3,165.1
1510,12.3,165.1
1511,12.4,165.1
1512,12.4,165.1
1513,12.5,165.1
1514,12.6,165.1
1515,12.7,165.1
1516,10.5,167.64
1517,10.5,167.64
1518,10.5,167.64
1519,10.6,167.64
1520,10.7,167.64
1521,10.7,167.64
1522,10.7,167.64
1523,10.8,167.64
1524,10.9,167.64
1525,10.9,167.64
1526,10.9,167.64
1527,10.9,167.64
1528,10.9,167.64
1529,10.9,167.64
1530,10.9,167.64
1531,10.9,167.64
1532,10.9,167.64
1533,10.9,167.64
1534,11.0,167.64
1535,11.0,167.64
1536,11.0,167.64
1537,11.0,167.64
1538,11.0,167.64
1539,11.0,167.64
1540,11.0,167.64
1541,11.0,167.64
1542,11.0,167.64
1543,11.0,167.64
1544,11.0,167.64
1545,11.0,167.64
1546,11.0,167.64
1547,11.0,167.64
1548,11.0,167.64
1549,11.0,167.64
1550,11.0,167.64
1551,11.1,167.64
1552,11.1,167.64
1553,11.1,167.64
1554,11.1,167.64
1555,11.1,167.64
1556,11.1,167.64
1557,11.1,167.64
1558,11.1,167.64
1559,11.1,167.64
1560,11.1,167.64
1561,11.1,167.64
1562,11.1,167.64
1563,11.1,167.64
1564,11.1,167.64
1565,11.1,167.64
1566,11.1,167.64
1567,11.1,167.64
1568,11.1,167.64
1569,11.1,167.64
1570,11.1,167.64
1571,11.1,167.64
1572,11.1,167.64
1573,11.1,167.64
1574,11.1,167.64
1575,11.2,167.64
1576,11.2,167.64
1577,11.2,167.64
1578,11.2,167.64
1579,11.2,167.64
1580,11.2,167.64
1581,11.2,167.64
1582,11.2,167.64
1583,11.2,167.64
1584,11.2,167.64
1585,11.2,167.64
1586,11.2,167.64
1587,11.2,167.64
1588,11.2,167.64
1589,11.2,167.64
1590,11.2,167.64
1591,11.2,167.64
1592,11.2,167.64
1593,11.2,167.64
1594,11.2,167.64
1595,11.2,167.64
1596,11.2,167.64
1597,11.2,167.64
1598,11.2,167.64
1599,11.2,167.64
1600,11.2,167.64
1601,11.2,167.64
1602,11.3,167.64
1603,11.3,167.64
1604,11.3,167.64
1605,11.3,167.64
1606,11.3,167.64
1607,11.3,167.64
1608,11.3,167.64
1609,11.3,167.64
1610,11.3,167.64
1611,11.3,167.64
1612,11.3,167.64
1613,11.3,167.64
1614,11.3,167.64
1615,11.3,167.64
1616,11.3,167.64
1617,11.3,167.64
1618,11.3,167.64
1619,11.3,167.64
1620,11.3,167.64
1621,11.3,167.64
1622,11.3,167.64
1623,11.3,167.64
1624,11.3,167.64
1625,11.3,167.64
1626,11.3,167.64
1627,11.3,167.64
1628,11.4,167.64
1629,11.4,167.64
1630,11.4,167.64
1631,11.4,167.64
1632,11.4,167.64
1633,11.4,167.64
1634,11.4,167.64
1635,11.4,167.64
1636,11.4,167.64
1637,11.4,167.64
1638,11.4,167.64
1639,11.4,167.64
1640,11.4,167.64
1641,11.4,167.64
1642,11.4,167.64
1643,11.4,167.64
1644,11.4,167.64
1645,11.4,167.64
1646,11.4,167.64
1647,11.4,167.64
1648,11.4,167.64
1649,11.4,167.64
1650,11.4,167.64
1651,11.4,167.64
1652,11.4,167.64
1653,11.4,167.64
1654,11.5,167.64
1655,11.5,167.64
1656,11.5,167.64
1657,11.5,167.64
1658,11.5,167.64
1659,11.5,167.64
1660,11.5,167.64
1661,11.5,167.64
1662,11.5,167.64
1663,11.5,167.64
1664,11.5,167.64
1665,11.5,167.64
1666,11.5,167.64
1667,11.5,167.64
1668,11.5,167.64
1669,11.5,167.64
1670,11.5,167.64
1671,11.5,167.64
1672,11.5,167.64
1673,11.5,167.64
1674,11.5,167.64
1675,11.5,167.64
1676,11.5,167.64
1677,11.5,167.64
1678,11.5,167.64
1679,11.5,167.64
1680,11.5,167.64
1681,11.5,167.64
1682,11.5,167.64
1683,11.5,167.64
1684,11.5,167.64
1685,11.5,167.64
1686,11.5,167.64
1687,11.5,167.64
1688,11.5,167.64
1689,11.5,167.64
1690,11.5,167.64
1691,11.5,167.64
1692,11.6,167.64
1693,11.6,167.64
1694,11.6,167.64
1695,11.6,167.64
1696,11.6,167.64
1697,11.6,167.64
1698,11.6,167.64
1699,11.6,167.64
1700,11.6,167.64
1701,11.6,167.64
1702,11.6,167.64
1703,11.6,167.64
1704,11.6,167.64
1705,11.6,167.64
1706,11.6,167.64
1707,11.6,167.64
1708,11.6,167.64
1709,11.6,167.64
1710,11.6,167.64
1711,11.6,167.64
1712,11.6,167.64
1713,11.6,167.64
1714,11.6,167.64
1715,11.6,167.64
1716,11.6,167.64
1717,11.6,167.64
1718,11.6,167.64
1719,11.6,167.64
1720,11.6,167.64
1721,11.6,167.64
1722,11.6,167.64
1723,11.6,167.64
1724,11.6,167.64
1725,11.6,167.64
1726,11.6,167.64
1727,11.6,167.64
1728,11.6,167.64
1729,11.6,167.64
1730,11.6,167.64
1731,11.6,167.64
1732,11.6,167.64
1733,11.6,167.64
1734,11.6,167.64
1735,11.6,167.64
1736,11.6,167.64
1737,11.6,167.64
1738,11.6,167.64
1739,11.6,167.64
1740,11.7,167.64
1741,11.7,167.64
1742,11.7,167.64
1743,11.7,167.64
1744,11.7,167.64
1745,11.7,167.64
1746,11.7,167.64
1747,11.7,167.64
1748,11.7,167.64
1749,11.7,167.64
1750,11.7,167.64
1751,11.7,167.64
1752,11.7,167.64
1753,11.7,167.64
1754,11.7,167.64
1755,11.7,167.64
1756,11.7,167.64
1757,11.7,167.64
1758,11.7,167.64
1759,11.7,167.64
1760,11.7,167.64
1761,11.7,167.64
1762,11.7,167.64
1763,11.7,167.64
1764,11.7,167.64
1765,11.7,167.64
1766,11.7,167.64
1767,11.7,167.64
1768,11.7,167.64
1769,11.7,167.64
1770,11.7,167.64
1771,11.7,167.64
1772,11.7,167.64
1773,11.7,167.64
1774,11.7,167.64
1775,11.7,167.64
1776,11.7,167.64
1777,11.7,167.64
1778,11.7,167.64
1779,11.7,167.64
1780,11.7,167.64
1781,11.7,167.64
1782,11.7,167.64
1783,11.7,167.64
1784,11.7,167.64
1785,11.7,167.64
1786,11.7,167.64
1787,11.7,167.64
1788,11.8,167.64
1789,11.8,167.64
1790,11.8,167.64
1791,11.8,167.64
1792,11.8,167.64
1793,11.8,167.64
1794,11.8,167.64
1795,11.8,167.64
1796,11.8,167.64
1797,11.8,167.64
1798,11.8,167.64
1799,11.8,167.64
1800,11.8,167.64
1801,11.8,167.64
1802,11.8,167.64
1803,11.8,167.64
1804,11.8,167.64
1805,11.8,167.64
1806,11.8,167.64
1807,11.8,167.64
1808,11.8,167.64
1809,11.8,167.64
1810,11.8,167.64
1811,11.8,167.64
1812,11.8,167.64
1813,11.8,167.64
1814,11.8,167.64
1815,11.8,167.64
1816,11.8,167.64
1817,11.8,167.64
1818,11.8,167.64
1819,11.8,167.64
1820,11.8,167.64
1821,11.8,167.64
1822,11.8,167.64
1823,11.8,167.64
1824,11.8,167.64
1825,11.8,167.64
1826,11.8,167.64
1827,11.8,167.64
1828,11.8,167.64
1829,11.9,167.64
1830,11.9,167.64
1831,11.9,167.64
1832,11.9,167.64
1833,11.9,167.64
1834,11.9,167.64
1835,11.9,167.64
1836,11.9,167.64
1837,11.9,167.64
1838,11.9,167.64
1839,11.9,167.64
1840,11.9,167.64
1841,11.9,167.64
1842,11.9,167.64
1843,11.9,167.64
1844,11.9,167.64
1845,11.9,167.64
1846,11.9,167.64
1847,11.9,167.64
1848,11.9,167.64
1849,11.9,167.64
1850,11.9,167.64
1851,11.9,167.64
1852,11.9,167.64
1853,11.9,167.64
1854,11.9,167.64
1855,11.9,167.64
1856,11.9,167.64
1857,11.9,167.64
1858,11.9,167.64
1859,11.9,167.64
1860,11.9,167.64
1861,12.0,167.64
1862,12.0,167.64
1863,12.0,167.64
1864,12.0,167.64
1865,12.0,167.64
1866,12.0,167.64
1867,12.0,167.64
1868,12.0,167.64
1869,12.0,167.64
1870,12.0,167.64
1871,12.0,167.64
1872,12.0,167.64
1873,12.0,167.64
1874,12.0,167.64
1875,12.0,167.64
1876,12.0,167.64
1877,12.0,167.64
1878,12.0,167.64
1879,12.0,167.64
1880,12.0,167.64
1881,12.0,167.64
1882,12.0,167.64
1883,12.0,167.64
1884,12.0,167.64
1885,12.0,167.64
1886,12.0,167.64
1887,12.0,167.64
1888,12.0,167.64
1889,12.0,167.64
1890,12.0,167.64
1891,12.0,167.64
1892,12.0,167.64
1893,12.0,167.64
1894,12.0,167.64
1895,12.0,167.64
1896,12.0,167.64
1897,12.0,167.64
1898,12.0,167.64
1899,12.0,167.64
1900,12.0,167.64
1901,12.0,167.64
1902,12.0,167.64
1903,12.1,167.64
1904,12.1,167.64
1905,12.1,167.64
1906,12.1,167.64
1907,12.1,167.64
1908,12.1,167.64
1909,12.1,167.64
1910,12.1,167.64
1911,12.1,167.64
1912,12.1,167.64
1913,12.1,167.64
1914,12.1,167.64
1915,12.1,167.64
1916,12.1,167.64
1917,12.1,167.64
1918,12.1,167.64
1919,12.1,167.64
1920,12.1,167.64
1921,12.1,167.64
1922,12.1,167.64
1923,12.1,167.64
1924,12.1,167.64
1925,12.2,167.64
1926,12.2,167.64
1927,12.2,167.64
1928,12.2,167.64
1929,12.2,167.64
1930,12.2,167.64
1931,12.2,167.64
1932,12.2,167.64
1933,12.2,167.64
1934,12.2,167.64
1935,12.2,167.64
1936,12.2,167.64
1937,12.2,167.64
1938,12.2,167.64
1939,12.2,167.64
1940,12.2,167.64
1941,12.2,167.64
1942,12.2,167.64
1943,12.2,167.64
1944,12.2,167.64
1945,12.2,167.64
1946,12.2,167.64
1947,12.2,167.64
1948,12.3,167.64
1949,12.3,167.64
1950,12.3,167.64
1951,12.3,167.64
1952,12.3,167.64
1953,12.3,167.64
1954,12.3,167.64
1955,12.3,167.64
1956,12.3,167.64
1957,12.3,167.64
1958,12.4,167.64
1959,12.4,167.64
1960,12.4,167.64
1961,12.4,167.64
1962,12.4,167.64
1963,12.4,167.64
1964,12.4,167.64
1965,12.5,167.64
1966,12.5,167.64
1967,12.5,167.64
1968,12.7,167.64
1969,12.8,167.64
1970,13.0,167.64
1971,13.0,167.64
1972,13.0,167.64
1973,13.2,167.64
1974,10.5,170.18
1975,10.7,170.18
1976,10.8,170.18
1977,10.8,170.18
1978,10.9,170.18
1979,10.9,170.18
1980,10.9,170.18
1981,10.9,170.18
1982,11.0,170.18
1983,11.0,170.18
1984,11.0,170.18
1985,11.0,170.18
1986,11.0,170.18
1987,11.0,170.18
1988,11.0,170.18
1989,11.0,170.18
1990,11.0,170.18
1991,11.0,170.18
1992,11.1,170.18
1993,11.1,170.18
1994,11.1,170.18
1995,11.1,170.18
1996,11.1,170.18
1997,11.1,170.18
1998,11.1,170.18
1999,11.2,170.18
2000,11.2,170.18
2001,11.2,170.18
2002,11.2,170.18
2003,11.2,170.18
2004,11.2,170.18
2005,11.2,170.18
2006,11.2,170.18
2007,11.2,170.18
2008,11.2,170.18
2009,11.2,170.18
2010,11.2,170.18
2011,11.2,170.18
2012,11.2,170.18
2013,11.2,170.18
2014,11.2,170.18
2015,11.2,170.18
2016,11.2,170.18
2017,11.2,170.18
2018,11.2,170.18
2019,11.3,170.18
2020,11.3,170.18
2021,11.3,170.18
2022,11.3,170.18
2023,11.3,170.18
2024,11.3,170.18
2025,11.3,170.18
2026,11.3,170.18
2027,11.3,170.18
2028,11.3,170.18
2029,11.3,170.18
2030,11.3,170.18
2031,11.3,170.18
2032,11.3,170.18
2033,11.3,170.18
2034,11.3,170.18
2035,11.3,170.18
2036,11.3,170.18
2037,11.3,170.18
2038,11.3,170.18
2039,11.3,170.18
2040,11.3,170.18
2041,11.3,170.18
2042,11.3,170.18
2043,11.4,170.18
2044,11.4,170.18
2045,11.4,170.18
2046,11.4,170.18
2047,11.4,170.18
2048,11.4,170.18
2049,11.4,170.18
2050,11.4,170.18
2051,11.4,170.18
2052,11.4,170.18
2053,11.4,170.18
2054,11.4,170.18
2055,11.4,170.18
2056,11.4,170.18
2057,11.4,170.18
2058,11.4,170.18
2059,11.4,170.18
2060,11.4,170.18
2061,11.4,170.18
2062,11.4,170.18
2063,11.4,170.18
2064,11.4,170.18
2065,11.5,170.18
2066,11.5,170.18
2067,11.5,170.18
2068,11.5,170.18
2069,11.5,170.18
2070,11.5,170.18
2071,11.5,170.18
2072,11.5,170.18
2073,11.5,170.18
2074,11.5,170.18
2075,11.5,170.18
2076,11.5,170.18
2077,11.5,170.18
2078,11.5,170.18
2079,11.5,170.18
2080,11.5,170.18
2081,11.5,170.18
2082,11.5,170.18
2083,11.5,170.18
2084,11.5,170.18
2085,11.5,170.18
2086,11.5,170.18
2087,11.5,170.18
2088,11.5,170.18
2089,11.5,170.18
2090,11.5,170.18
2091,11.5,170.18
2092,11.5,170.18
2093,11.5,170.18
2094,11.5,170.18
2095,11.5,170.18
2096,11.5,170.18
2097,11.5,170.18
2098,11.5,170.18
2099,11.6,170.18
2100,11.6,170.18
2101,11.6,170.18
2102,11.6,170.18
2103,11.6,170.18
2104,11.6,170.18
2105,11.6,170.18
2106,11.6,170.18
2107,11.6,170.18
2108,11.6,170.18
2109,11.6,170.18
2110,11.6,170.18
2111,11.6,170.18
2112,11.6,170.18
2113,11.6,170.18
2114,11.6,170.18
2115,11.6,170.18
2116,11.6,170.18
2117,11.6,170.18
2118,11.6,170.18
2119,11.6,170.18
2120,11.6,170.18
2121,11.6,170.18
2122,11.6,170.18
2123,11.6,170.18
2124,11.6,170.18
2125,11.6,170.18
2126,11.6,170.18
2127,11.6,170.18
2128,11.6,170.18
2129,11.6,170.18
2130,11.6,170.18
2131,11.6,170.18
2132,11.6,170.18
2133,11.6,170.18
2134,11.6,170.18
2135,11.6,170.18
2136,11.6,170.18
2137,11.7,170.18
2138,11.7,170.18
2139,11.7,170.18
2140,11.7,170.18
2141,11.7,170.18
2142,11.7,170.18
2143,11.7,170.18
2144,11.7,170.18
2145,11.7,170.18
2146,11.7,170.18
2147,11.7,170.18
2148,11.7,170.18
2149,11.7,170.18
2150,11.7,170.18
2151,11.7,170.18
2152,11.7,170.18
2153,11.7,170.18
2154,11.7,170.18
2155,11.7,170.18
2156,11.7,170.18
2157,11.7,170.18
2158,11.7,170.18
2159,11.7,170.18
2160,11.7,170.18
2161,11.7,170.18
2162,11.7,170.18
2163,11.7,170.18
2164,11.7,170.18
2165,11.7,170.18
2166,11.7,170.18
2167,11.7,170.18
2168,11.7,170.18
2169,11.7,170.18
2170,11.7,170.18
2171,11.7,170.18
2172,11.7,170.18
2173,11.7,170.18
2174,11.7,170.18
2175,11.7,170.18
2176,11.7,170.18
2177,11.7,170.18
2178,11.7,170.18
2179,11.7,170.18
2180,11.7,170.18
2181,11.7,170.18
2182,11.8,170.18
2183,11.8,170.18
2184,11.8,170.18
2185,11.8,170.18
2186,11.8,170.18
2187,11.8,170.18
2188,11.8,170.18
2189,11.8,170.18
2190,11.8,170.18
2191,11.8,170.18
2192,11.8,170.18
2193,11.8,170.18
2194,11.8,170.18
2195,11.8,170.18
2196,11.8,170.18
2197,11.8,170.18
2198,11.8,170.18
2199,11.8,170.18
2200,11.8,170.18
2201,11.8,170.18
2202,11.8,170.18
2203,11.8,170.18
2204,11.8,170.18
2205,11.8,170.18
2206,11.8,170.18
2207,11.8,170.18
2208,11.8,170.18
2209,11.8,170.18
2210,11.8,170.18
2211,11.8,170.18
2212,11.8,170.18
2213,11.8,170.18
2214,11.8,170.18
2215,11.8,170.18
2216,11.9,170.18
2217,11.9,170.18
2218,11.9,170.18
2219,11.9,170.18
2220,11.9,170.18
2221,11.9,170.18
2222,11.9,170.18
2223,11.9,170.18
2224,11.9,170.18
2225,11.9,170.18
2226,11.9,170.18
2227,11.9,170.18
2228,11.9,170.18
2229,11.9,170.18
2230,11.9,170.18
2231,11.9,170.18
2232,11.9,170.18
2233,11.9,170.18
2234,11.9,170.18
2235,11.9,170.18
2236,11.9,170.18
2237,11.9,170.18
2238,11.9,170.18
2239,11.9,170.18
2240,11.9,170.18
2241,11.9,170.18
2242,11.9,170.18
2243,11.9,170.18
2244,11.9,170.18
2245,11.9,170.18
2246,11.9,170.18
2247,11.9,170.18
2248,11.9,170.18
2249,11.9,170.18
2250,11.9,170.18
2251,12.0,170.18
2252,12.0,170.18
2253,12.0,170.18
2254,12.0,170.18
2255,12.0,170.18
2256,12.0,170.18
2257,12.0,170.18
2258,12.0,170.18
2259,12.0,170.18
2260,12.0,170.18
2261,12.0,170.18
2262,12.0,170.18
2263,12.0,170.18
2264,12.0,170.18
2265,12.0,170.18
2266,12.0,170.18
2267,12.0,170.18
2268,12.0,170.18
2269,12.0,170.18
2270,12.0,170.18
2271,12.0,170.18
2272,12.0,170.18
2273,12.0,170.18
2274,12.0,170.18
2275,12.0,170.18
2276,12.0,170.18
2277,12.0,170.18
2278,12.0,170.18
2279,12.0,170.18
2280,12.0,170.18
2281,12.0,170.18
2282,12.0,170.18
2283,12.0,170.18
2284,12.0,170.18
2285,12.0,170.18
2286,12.0,170.18
2287,12.0,170.18
2288,12.0,170.18
2289,12.0,170.18
2290,12.1,170.18
2291,12.1,170.18
2292,12.1,170.18
2293,12.1,170.18
2294,12.1,170.18
2295,12.1,170.18
2296,12.1,170.18
2297,12.1,170.18
2298,12.1,170.18
2299,12.1,170.18
2300,12.1,170.18
2301,12.1,170.18
2302,12.1,170.18
2303,12.1,170.18
2304,12.1,170.18
2305,12.1,170.18
2306,12.1,170.18
2307,12.1,170.18
2308,12.1,170.18
2309,12.1,170.18
2310,12.1,170.18
2311,12.1,170.18
2312,12.1,170.18
2313,12.1,170.18
2314,12.1,170.18
2315,12.1,170.18
2316,12.1,170.18
2317,12.1,170.18
2318,12.2,170.18
2319,12.2,170.18
2320,12.2,170.18
2321,12.2,170.18
2322,12.2,170.18
2323,12.2,170.18
2324,12.2,170.18
2325,12.2,170.18
2326,12.2,170.18
2327,12.2,170.18
2328,12.2,170.18
2329,12.2,170.18
2330,12.2,170.18
2331,12.2,170.18
2332,12.2,170.18
2333,12.2,170.18
2334,12.2,170.18
2335,12.3,170.18
2336,12.3,170.18
2337,12.3,170.18
2338,12.3,170.18
2339,12.3,170.18
2340,12.3,170.18
2341,12.3,170.18
2342,12.3,170.18
2343,12.3,170.18
2344,12.3,170.18
2345,12.3,170.18
2346,12.3,170.18
2347,12.3,170.18
2348,12.4,170.18
2349,12.4,170.18
2350,12.4,170.18
2351,12.4,170.18
2352,12.4,170.18
2353,12.4,170.18
2354,12.4,170.18
2355,12.4,170.18
2356,12.4,170.18
2357,12.4,170.18
2358,12.4,170.18
2359,12.4,170.18
2360,12.5,170.18
2361,12.5,170.18
2362,12.5,170.18
2363,12.5,170.18
2364,12.5,170.18
2365,12.5,170.18
2366,12.5,170.18
2367,12.5,170.18
2368,12.5,170.18
2369,12.5,170.18
2370,12.5,170.18
2371,12.5,170.18
2372,12.6,170.18
2373,12.6,170.18
2374,12.6,170.18
2375,12.7,170.18
2376,12.7,170.18
2377,12.7,170.18
2378,12.7,170.18
2379,12.7,170.18
2380,12.7,170.18
2381,12.7,170.18
2382,12.8,170.18
2383,12.8,170.18
2384,12.9,170.18
2385,13.1,170.18
2386,13.2,170.18
2387,10.7,172.72
2388,10.7,172.72
2389,10.8,172.72
2390,10.9,172.72
2391,11.0,172.72
2392,11.0,172.72
2393,11.0,172.72
2394,11.0,172.72
2395,11.0,172.72
2396,11.0,172.72
2397,11.1,172.72
2398,11.1,172.72
2399,11.1,172.72
2400,11.1,172.72
2401,11.2,172.72
2402,11.2,172.72
2403,11.2,172.72
2404,11.2,172.72
2405,11.3,172.72
2406,11.3,172.72
2407,11.3,172.72
2408,11.3,172.72
2409,11.3,172.72
2410,11.3,172.72
2411,11.3,172.72
2412,11.4,172.72
2413,11.4,172.72
2414,11.4,172.72
2415,11.4,172.72
2416,11.4,172.72
2417,11.4,172.72
2418,11.4,172.72
2419,11.4,172.72
2420,11.4,172.72
2421,11.4,172.72
2422,11.5,172.72
2423,11.5,172.72
2424,11.5,172.72
2425,11.5,172.72
2426,11.5,172.72
2427,11.5,172.72
2428,11.5,172.72
2429,11.5,172.72
2430,11.5,172.72
2431,11.5,172.72
2432,11.5,172.72
2433,11.5,172.72
2434,11.5,172.72
2435,11.5,172.72
2436,11.5,172.72
2437,11.5,172.72
2438,11.5,172.72
2439,11.5,172.72
2440,11.5,172.72
2441,11.5,172.72
2442,11.5,172.72
2443,11.5,172.72
2444,11.5,172.72
2445,11.5,172.72
2446,11.5,172.72
2447,11.6,172.72
2448,11.6,172.72
2449,11.6,172.72
2450,11.6,172.72
2451,11.6,172.72
2452,11.6,172.72
2453,11.6,172.72
2454,11.6,172.72
2455,11.6,172.72
2456,11.6,172.72
2457,11.6,172.72
2458,11.6,172.72
2459,11.6,172.72
2460,11.6,172.72
2461,11.6,172.72
2462,11.6,172.72
2463,11.6,172.72
2464,11.6,172.72
2465,11.6,172.72
2466,11.6,172.72
2467,11.6,172.72
2468,11.6,172.72
2469,11.6,172.72
2470,11.6,172.72
2471,11.6,172.72
2472,11.6,172.72
2473,11.6,172.72
2474,11.7,172.72
2475,11.7,172.72
2476,11.7,172.72
2477,11.7,172.72
2478,11.7,172.72
2479,11.7,172.72
2480,11.7,172.72
2481,11.7,172.72
2482,11.7,172.72
2483,11.7,172.72
2484,11.7,172.72
2485,11.7,172.72
2486,11.7,172.72
2487,11.7,172.72
2488,11.7,172.72
2489,11.7,172.72
2490,11.7,172.72
2491,11.7,172.72
2492,11.7,172.72
2493,11.7,172.72
2494,11.7,172.72
2495,11.7,172.72
2496,11.7,172.72
2497,11.7,172.72
2498,11.8,172.72
2499,11.8,172.72
2500,11.8,172.72
2501,11.8,172.72
2502,11.8,172.72
2503,11.8,172.72
2504,11.8,172.72
2505,11.8,172.72
2506,11.8,172.72
2507,11.8,172.72
2508,11.8,172.72
2509,11.8,172.72
2510,11.8,172.72
2511,11.8,172.72
2512,11.8,172.72
2513,11.8,172.72
2514,11.8,172.72
2515,11.8,172.72
2516,11.8,172.72
2517,11.8,172.72
2518,11.8,172.72
2519,11.8,172.72
2520,11.8,172.72
2521,11.8,172.72
2522,11.8,172.72
2523,11.8,172.72
2524,11.8,172.72
2525,11.8,172.72
2526,11.8,172.72
2527,11.9,172.72
2528,11.9,172.72
2529,11.9,172.72
2530,11.9,172.72
2531,11.9,172.72
2532,11.9,172.72
2533,11.9,172.72
2534,11.9,172.72
2535,11.9,172.72
2536,11.9,172.72
2537,11.9,172.72
2538,11.9,172.72
2539,11.9,172.72
2540,11.9,172.72
2541,11.9,172.72
2542,11.9,172.72
2543,11.9,172.72
2544,11.9,172.72
2545,11.9,172.72
2546,12.0,172.72
2547,12.0,172.72
2548,12.0,172.72
2549,12.0,172.72
2550,12.0,172.72
2551,12.0,172.72
2552,12.0,172.72
2553,12.0,172.72
2554,12.0,172.72
2555,12.0,172.72
2556,12.0,172.72
2557,12.0,172.72
2558,12.0,172.72
2559,12.0,172.72
2560,12.0,172.72
2561,12.0,172.72
2562,12.0,172.72
2563,12.0,172.72
2564,12.0,172.72
2565,12.0,172.72
2566,12.0,172.72
2567,12.0,172.72
2568,12.1,172.72
2569,12.1,172.72
2570,12.1,172.72
2571,12.1,172.72
2572,12.1,172.72
2573,12.1,172.72
2574,12.1,172.72
2575,12.1,172.72
2576,12.1,172.72
2577,12.1,172.72
2578,12.1,172.72
2579,12.1,172.72
2580,12.1,172.72
2581,12.1,172.72
2582,12.1,172.72
2583,12.2,172.72
2584,12.2,172.72
2585,12.2,172.72
2586,12.2,172.72
2587,12.2,172.72
2588,12.2,172.72
2589,12.2,172.72
2590,12.2,172.72
2591,12.2,172.72
2592,12.2,172.72
2593,12.2,172.72
2594,12.2,172.72
2595,12.2,172.72
2596,12.2,172.72
2597,12.2,172.72
2598,12.2,172.72
2599,12.3,172.72
2600,12.3,172.72
2601,12.3,172.72
2602,12.3,172.72
2603,12.3,172.72
2604,12.3,172.72
2605,12.3,172.72
2606,12.3,172.72
2607,12.3,172.72
2608,12.3,172.72
2609,12.3,172.72
2610,12.3,172.72
2611,12.3,172.72
2612,12.3,172.72
2613,12.3,172.72
2614,12.3,172.72
2615,12.3,172.72
2616,12.3,172.72
2617,12.3,172.72
2618,12.3,172.72
2619,12.4,172.72
2620,12.4,172.72
2621,12.4,172.72
2622,12.4,172.72
2623,12.5,172.72
2624,12.5,172.72
2625,12.5,172.72
2626,12.5,172.72
2627,12.5,172.72
2628,12.5,172.72
2629,12.5,172.72
2630,12.5,172.72
2631,12.5,172.72
2632,12.5,172.72
2633,12.5,172.72
2634,12.6,172.72
2635,12.6,172.72
2636,12.6,172.72
2637,12.6,172.72
2638,12.6,172.72
2639,12.7,172.72
2640,12.7,172.72
2641,12.7,172.72
2642,12.7,172.72
2643,12.7,172.72
2644,12.8,172.72
2645,12.8,172.72
2646,12.8,172.72
2647,12.9,172.72
2648,12.9,172.72
2649,13.0,172.72
2650,13.1,172.72
2651,10.5,175.26
2652,10.6,175.26
2653,11.1,175.26
2654,11.2,175.26
2655,11.3,175.26
2656,11.3,175.26
2657,11.4,175.26
2658,11.4,175.26
2659,11.4,175.26
2660,11.4,175.26
2661,11.4,175.26
2662,11.4,175.26
2663,11.4,175.26
2664,11.4,175.26
2665,11.4,175.26
2666,11.4,175.26
2667,11.4,175.26
2668,11.5,175.26
2669,11.5,175.26
2670,11.5,175.26
2671,11.5,175.26
2672,11.5,175.26
2673,11.5,175.26
2674,11.5,175.26
2675,11.5,175.26
2676,11.5,175.26
2677,11.5,175.26
2678,11.5,175.26
2679,11.6,175.26
2680,11.6,175.26
2681,11.6,175.26
2682,11.6,175.26
2683,11.6,175.26
2684,11.6,175.26
2685,11.6,175.26
2686,11.6,175.26
2687,11.6,175.26
2688,11.6,175.26
2689,11.6,175.26
2690,11.6,175.26
2691,11.7,175.26
2692,11.7,175.26
2693,11.7,175.26
2694,11.7,175.26
2695,11.7,175.26
2696,11.7,175.26
2697,11.7,175.26
2698,11.7,175.26
2699,11.7,175.26
2700,11.8,175.26
2701,11.8,175.26
2702,11.8,175.26
2703,11.8,175.26
2704,11.8,175.26
2705,11.8,175.26
2706,11.8,175.26
2707,11.8,175.26
2708,11.8,175.26
2709,11.8,175.26
2710,11.9,175.26
2711,11.9,175.26
2712,11.9,175.26
2713,11.9,175.26
2714,11.9,175.26
2715,11.9,175.26
2716,11.9,175.26
2717,11.9,175.26
2718,11.9,175.26
2719,11.9,175.26
2720,12.0,175.26
2721,12.0,175.26
2722,12.0,175.26
2723,12.0,175.26
2724,12.0,175.26
2725,12.0,175.26
2726,12.0,175.26
2727,12.0,175.26
2728,12.0,175.26
2729,12.0,175.26
2730,12.0,175.26
2731,12.0,175.26
2732,12.0,175.26
2733,12.0,175.26
2734,12.0,175.26
2735,12.0,175.26
2736,12.1,175.26
2737,12.1,175.26
2738,12.1,175.26
2739,12.1,175.26
2740,12.1,175.26
2741,12.1,175.26
2742,12.1,175.26
2743,12.1,175.26
2744,12.1,175.26
2745,12.1,175.26
2746,12.1,175.26
2747,12.1,175.26
2748,12.1,175.26
2749,12.1,175.26
2750,12.1,175.26
2751,12.1,175.26
2752,12.1,175.26
2753,12.1,175.26
2754,12.1,175.26
2755,12.1,175.26
2756,12.1,175.26
2757,12.1,175.26
2758,12.1,175.26
2759,12.1,175.26
2760,12.1,175.26
2761,12.1,175.26
2762,12.1,175.26
2763,12.2,175.26
2764,12.2,175.26
2765,12.2,175.26
2766,12.2,175.26
2767,12.2,175.26
2768,12.2,175.26
2769,12.2,175.26
2770,12.2,175.26
2771,12.2,175.26
2772,12.2,175.26
2773,12.2,175.26
2774,12.3,175.26
2775,12.3,175.26
2776,12.3,175.26
2777,12.3,175.26
2778,12.3,175.26
2779,12.3,175.26
2780,12.3,175.26
2781,12.3,175.26
2782,12.3,175.26
2783,12.3,175.26
2784,12.3,175.26
2785,12.3,175.26
2786,12.3,175.26
2787,12.3,175.26
2788,12.3,175.26
2789,12.3,175.26
2790,12.3,175.26
2791,12.3,175.26
2792,12.3,175.26
2793,12.3,175.26
2794,12.3,175.26
2795,12.3,175.26
2796,12.3,175.26
2797,12.4,175.26
2798,12.4,175.26
2799,12.4,175.26
2800,12.4,175.26
2801,12.4,175.26
2802,12.4,175.26
2803,12.4,175.26
2804,12.5,175.26
2805,12.5,175.26
2806,12.5,175.26
2807,12.5,175.26
2808,12.5,175.26
2809,12.5,175.26
2810,12.5,175.26
2811,12.5,175.26
2812,12.6,175.26
2813,12.6,175.26
2814,12.6,175.26
2815,12.6,175.26
2816,12.6,175.26
2817,12.6,175.26
2818,12.6,175.26
2819,12.7,175.26
2820,12.7,175.26
2821,12.7,175.26
2822,12.7,175.26
2823,12.7,175.26
2824,12.8,175.26
2825,12.9,175.26
2826,12.9,175.26
2827,13.2,175.26
2828,11.5,177.8
2829,11.5,177.8
2830,11.6,177.8
2831,11.6,177.8
2832,11.7,177.8
2833,11.7,177.8
2834,11.7,177.8
2835,11.7,177.8
2836,11.7,177.8
2837,11.7,177.8
2838,11.7,177.8
2839,11.7,177.8
2840,11.7,177.8
2841,11.8,177.8
2842,11.8,177.8
2843,11.8,177.8
2844,11.8,177.8
2845,11.8,177.8
2846,11.9,177.8
2847,11.9,177.8
2848,11.9,177.8
2849,11.9,177.8
2850,11.9,177.8
2851,11.9,177.8
2852,11.9,177.8
2853,11.9,177.8
2854,11.9,177.8
2855,12.0,177.8
2856,12.0,177.8
2857,12.0,177.8
2858,12.0,177.8
2859,12.0,177.8
2860,12.0,177.8
2861,12.0,177.8
2862,12.0,177.8
2863,12.1,177.8
2864,12.1,177.8
2865,12.1,177.8
2866,12.1,177.8
2867,12.1,177.8
2868,12.1,177.8
2869,12.1,177.8
2870,12.1,177.8
2871,12.1,177.8
2872,12.1,177.8
2873,12.2,177.8
2874,12.2,177.8
2875,12.2,177.8
2876,12.2,177.8
2877,12.2,177.8
2878,12.2,177.8
2879,12.2,177.8
2880,12.2,177.8
2881,12.3,177.8
2882,12.3,177.8
2883,12.3,177.8
2884,12.3,177.8
2885,12.3,177.8
2886,12.3,177.8
2887,12.4,177.8
2888,12.4,177.8
2889,12.4,177.8
2890,12.4,177.8
2891,12.4,177.8
2892,12.4,177.8
2893,12.4,177.8
2894,12.5,177.8
2895,12.5,177.8
2896,12.5,177.8
2897,12.5,177.8
2898,12.5,177.8
2899,12.5,177.8
2900,12.6,177.8
2901,12.6,177.8
2902,12.6,177.8
2903,12.6,177.8
2904,12.6,177.8
2905,12.6,177.8
2906,12.6,177.8
2907,12.6,177.8
2908,12.7,177.8
2909,12.7,177.8
2910,12.7,177.8
2911,12.7,177.8
2912,12.7,177.8
2913,12.7,177.8
2914,12.7,177.8
2915,12.7,177.8
2916,12.8,177.8
2917,12.8,177.8
2918,12.8,177.8
2919,12.8,177.8
2920,12.8,177.8
2921,12.8,177.8
2922,12.8,177.8
2923,12.8,177.8
2924,13.0,177.8
2925,11.6,180.34
2926,11.6,180.34
2927,11.7,180.34
2928,11.7,180.34
2929,11.8,180.34
2930,11.9,180.34
2931,11.9,180.34
2932,11.9,180.34
2933,12.0,180.34
2934,12.0,180.34
2935,12.1,180.34
2936,12.1,180.34
2937,12.1,180.34
2938,12.1,180.34
2939,12.2,180.34
2940,12.3,180.34
2941,12.3,180.34
2942,12.3,180.34
2943,12.3,180.34
2944,12.3,180.34
2945,12.4,180.34
2946,12.5,180.34
2947,12.5,180.34
2948,12.5,180.34
2949,12.5,180.34
2950,12.5,180.34
2951,12.5,180.34
2952,12.5,180.34
2953,12.5,180.34
2954,12.6,180.34
2955,12.6,180.34
2956,12.6,180.34
2957,12.6,180.34
2958,12.6,180.34
2959,12.6,180.34
2960,12.7,180.34
2961,12.7,180.34
2962,12.8,180.34
2963,12.8,180.34
2964,12.8,180.34
2965,12.8,180.34
2966,12.8,180.34
2967,12.9,180.34
2968,13.2,180.34
2969,13.2,180.34
2970,13.2,180.34
2971,11.9,182.88
2972,12.0,182.88
2973,12.0,182.88
2974,12.1,182.88
2975,12.2,182.88
2976,12.6,182.88
2977,12.6,182.88
2978,12.6,182.88
2979,12.7,182.88
2980,12.7,182.88
2981,12.8,182.88
2982,12.8,182.88
2983,12.8,182.88
2984,12.9,182.88
2985,13.0,182.88
2986,13.0,182.88
2987,13.3,182.88
2988,11.6,185.42
2989,12.5,185.42
2990,12.5,185.42
2991,12.6,185.42
2992,12.8,185.42
2993,13.0,185.42
2994,13.5,185.42
2995,12.4,187.96
2996,12.6,187.96
2997,12.8,187.96
2998,13.3,187.96
2999,11.2,195.58
